{"cameraMode":{"drawMode":0,"name":"Shaded","section":"Shading Mode"},"sceneLighting":false,"audioPlay":false,"sceneViewState":{"showFog":false,"showMaterialUpdate":false,"showSkybox":false,"showFlares":false,"showImageEffects":false,"showParticleSystems":false},"in2DMode":false,"pivot":{"x":5015.23583984375,"y":-2.469768524169922,"z":4998.1982421875},"rotation":{"x":-0.3786524832248688,"y":-0.10931333154439926,"z":0.045013293623924258,"w":-0.9179725646972656},"size":17.032638549804689,"orthographic":false}